Brand,Store Name,Address
McDonald's,McDonald's Bukit Bintang,,"120-120A Jalan Bukit Bintang, 55100, Kuala Lumpur, Malaysia",
McDonald's,McDonald's SS 2,,"48, Jalan Telawi Lima, 59100, Bangsar Baru, Bangsar, Kuala Lumpur, Malaysia",
McDonald's,McDonald's Subang Parade,,"No. 56 Jalan SS 2/61, 47300, Petaling Jaya, Selangor, Malaysia",
McDonald's,McDonald's Plaza Pelangi,,"No. 1 & 2 Jalan 54, Desa Jaya, 52100, Kepong, Selangor, Malaysia",
McDonald's,McDonald's Kajang,,"LG 10 Subang Parade, No. 5 Jalan SS 16/1, 47500, Subang Jaya, Selangor, Malaysia",
McDonald's,McDonald's Leisure Mall Cheras,,"Lot 2506/7, Section 6, Jalan Masjid Negeri, 11600, Penang, Pulau Pinang, Malaysia",
McDonald's,McDonald's Sunshine Square,,"Lot 1.19, Plaza Pelangi, Jalan Tebrau/Jalan Kuning, 80400, Johor Bahru, Johor, Malaysia",
McDonald's,McDonald's Segamat,,"Lot G-13, Ground Floor, Alpha Angle Complex, Jalan R1, Wangsa Maju, 53000, Setapak, Kuala Lumpur, Malaysia",
McDonald's,McDonald's IOI Puchong Mall,,"27 & 28, Jalan Abdul Aziz, 43000, Kajang, Selangor, Malaysia",
McDonald's,McDonald's City Plaza,,"2nd Floor, Lot 268 - 269, Jalan Tuanku Abdul Rahman, 93100, Kuching, Sarawak, Malaysia",
McDonald's,McDonald's The Mines,,"LG 16, Lower Ground Floor, Leisure Mall, Taman Segar, No. 6, Jalan Cheras, 56100, Cheras, Kuala Lumpur, Malaysia",
McDonald's,McDonald's Desa Universiti,,"No 4, Jalan USJ 10/1, Taipan USJ, Subang Jaya, 47620, USJ, Selangor, Malaysia",
McDonald's,McDonald's Bukit Jambul,,"Level 1, Lot 1.01, Annexed Building, Sunshine Complex, 11950, Bayan Baru, Pulau Pinang, Malaysia",
McDonald's,McDonald's Jalan Tun Perak,,"Lot B.44, Selayang Mall Shopping Centre, Jalan SU 9, Taman Selayang Utama, 68100, Selayang, Selangor, Malaysia",
McDonald's,McDonald's Kuching II,,"Shop No. 111,112,113, Jalan Sia Har Yam, 85000, Segamat, Johor, Malaysia",
McDonald's,McDonald's Mega Mall Kuantan,,"G-25, Wetex Parade, Jalan Ali, 84000, Muar, Johor, Malaysia",
McDonald's,McDonald's Bandar Utama DT,,"Lot 17, Ground Floor, IOI Mall, Batu 9 Jalan Puchong, Bandar Puchong Jaya, 47100, Puchong, Selangor, Malaysia",
McDonald's,McDonald's Taman Buaya DT,,"Lot 2 & 2-1, Jalan 1/76D, Desa Pandan, 55100, Kuala Lumpur, Malaysia",
McDonald's,McDonald's Jalan Tebrau DT,,"GF7, City Plaza, Jalan Tuanku Ibrahim, 05100, Alor Setar, Kedah, Malaysia",
McDonald's,McDonald's Prangin Mall,,"G16 - G19, Ground Floor, Kompleks Central Square, 23, Jalan Kampung Baru, 08000, Sungai Petani, Kedah, Malaysia",
McDonald's,McDonald's Teluk Cempedak DT,,"Lot 79, 2nd Floor, The Mines Shopping Fair, Jalan Dulang, Mines Resort City, 43300, Sri Kembangan, Selangor, Malaysia",
McDonald's,McDonald's Section 3 Shah Alam DT,,"No. 1, Jalan Md. Lazim Saim, 86000, Kluang, Johor, Malaysia",
McDonald's,McDonald's Lotuss Puchong DT,,"Lot 4B, 4C & 4D, Desa Universiti, Jalan Sg. Dua, 11700, Sungai Dua, Pulau Pinang, Malaysia",
McDonald's,McDonald's AEON Taman University,,"No 2, Jalan Permas Jaya 10, Bandar Baru Permas Jaya, 80400, Johor Bahru, Johor, Malaysia",
McDonald's,McDonald's Petronas Skudai DT,,"3A-G-19, Kompleks Bukit Jambul, Jalan Rumbia, 11900, Pulau Pinang, Malaysia",
McDonald's,McDonald's Puchong Permai DT,,"LL2.41, Sunway Pyramid Megamall, No. 3, Jalan PJS 11/15, Bandar Sunway, 46150, Selangor, Malaysia",
McDonald's,McDonald's Juru DT,,"38, Jalan Tun Perak, Ground & Mezzanine Floor, Wisma Teck Lee, 50050, Kuala Lumpur, Malaysia",
McDonald's,McDonald's Sri Kerteh DT,,"M01 & M02, Kompleks Idaman, No. 40 - 50, Jalan 2/21D, Medan Idaman, Batu 5 1/4, Jalan Gombak, 53000, Kuala Lumpur, Malaysia",
McDonald's,McDonald's Kota Kemuning DT,,"Ground Floor, Shop Lot No. 12 & 13, 3rd Mile, Jalan Tun Ahmad Zaidi Adruce, 93250, Kuching, Sarawak, Malaysia",
McDonald's,McDonald's Caltex Sunway Prai DT,,"Kawasan Rehat Genting-Sempah, KM 38.4 Lebuhraya KL-Karak, Genting Sempah, 28750, Bentong, Pahang, Malaysia",
McDonald's,McDonald's Taman Connaught DT,,"Lot No. G-89 & 1-85 (Ground & First), Berjaya Megamall, Jalan Tun Ismail, Sri Dagangan, 25000, Kuantan, Pahang, Malaysia",
McDonald's,McDonald's Damansara Damai DT,,"Lay By 3, Hentian Sebelah Petaling Jaya, Lebuhraya Damansara Puchong, Bandar Sunway, PJS 9, 47600, Petaling Jaya, Selangor, Malaysia",
McDonald's,McDonald's Rawang DT,,"No. 5 Lebuh Bandar Utama, PJU 6, Bandar Utama, 47800, Petaling Jaya, Selangor, Malaysia",
McDonald's,McDonald's Lotuss Penang,,"No. 1, Block D, Plaza Mont Kiara, Jalan Bukit Kiara, 50480, Bukit Kiara, Kuala Lumpur, Malaysia",
McDonald's,McDonald's Equine Park DT,,"Lot 4570 Taman Buaya Melaka, Mukim Bukit Katil, Daerah Melaka Tengah, 75320, Air Keroh, Melaka, Malaysia",
McDonald's,McDonald's Desa Aman Puri DT,,"No. 1 Jalan SG. 1/6, Taman Sri Gombak, 68100, Batu Caves , Selangor, Malaysia",
McDonald's,McDonald's Kulai DT,,"Lot PTD 68950, Batu 7 1/2, Jalan Kota Tinggi, 81100, Johor Bahru, Johor, Malaysia",
McDonald's,McDonald's UTM Skudai DT,,"8KM, KL-Seremban Highway, 57000, Seri Kembangan, Kuala Lumpur, Malaysia",
McDonald's,McDonald's Petronas Ampang DT,,"Lot 33-1-40, Prangin Mall, Jalan Dr Lim Chwee Leong, 10000, George Town, Pulau Pinang, Malaysia",
McDonald's,McDonald's Taman Sutera DT,,"No. 30 Sunway Mentari, Ground Floor Dataran Mentari, Jalan PJS 8/2, 46150, Petaling Jaya, Selangor, Malaysia",
McDonald's,McDonald's Bandar Tun Hussein Onn DT,,"Kawasan Rekreasi Teluk Cempedak, Jalan Teluk Cempedak, 25100, Kuantan, Pahang, Malaysia",
McDonald's,McDonald's Sri Manjung DT,,"No. 2, Jalan Sri Sarawak 18, Taman Sri Andalas, 41200, Klang, Selangor, Malaysia",
McDonald's,McDonald's Section 22 Shah Alam DT,,"No.4, Jalan RU 3/94, Sect 3, 40000, Shah Alam, Selangor, Malaysia",
McDonald's,McDonald's Banting DT,,"No.1 Jalan SS15/3A, 47500, Subang Jaya, Selangor, Malaysia",
McDonald's,McDonald's Caltex Farlim DT,,"Lot No. 7 & 9, Ground Floor, Tesco Hypermarket, Jalan Bandar 3, Pusat Bandar Puchong, 47100, Puchong, Selangor, Malaysia",
McDonald's,McDonald's 1 Borneo Mall,,"Lot 2726, Jalan Taman Komersil Senawang 1, Taman Komersil Senawang, 70450, Senawang, Negeri Sembilan, Malaysia",
McDonald's,McDonald's Shell Jalan Cheras DT,,"LG08, Jusco Shopping Center, No. 4, Jalan Pendidikan, Taman Universiti, 81300, Skudai, Johor, Malaysia",
McDonald's,McDonald's Labuan Airport,,"Lot PT21552 & PT21553, Mukim Sungai Buloh, Persiaran Perdana, 52200, Bandar Sri Damansara, Kuala Lumpur, Malaysia",
McDonald's,McDonald's Bandar Baru Bangi DT,,"Lot No. PTD13309 & PTD52136, KM11 Jalan Skudai, Mukim Tebrau, 81200, Johor Bahru, Johor, Malaysia",
McDonald's,McDonald's Teluk Intan DT,,"Bangunan Restoran McDonald's, Jalan Mewah Utara, 68000, Ampang, Kuala Lumpur, Malaysia",
McDonald's,McDonald's Klang Sentral,,"Lot 32426 Jalan Puchong Permai 2, Taman Puchong Permai, 47100, Puchong, Selangor, Malaysia",
McDonald's,McDonald's Prima Saujana Kajang DT,,"Lot 16794 & 16795, Jalan 37/56, Taman Setiawangsa, 54200, Kuala Lumpur, Malaysia",
McDonald's,McDonald's Dataran Pahlawan 2,,"No. 1689, Jalan Perusahaan, Highway Auto City, Kawasan Perusahaan 4, North-South Highway, Juru Interchange, MK 11, Seberang Perai Tengah Perai 4, 13600, Perai, Pulau Pinang.",
McDonald's,McDonald's Puchong Gateway DT,,"Lot 05-93, 93A, No. 1, Jalan Imbi, 55100, Kuala Lumpur, Malaysia",
McDonald's,McDonald's Pasir Gudang DT,,"Lot PT 7132, Mukim Kerteh, 24300, Daerah Kemaman, Terengganu, Malaysia",
McDonald's,McDonald's Sunway City Ipoh DT,,"Lot B, Jalan Cecawi 6/18A, Kota Damansara, 47810, Petaling Jaya, Selangor, Malaysia",
McDonald's,McDonald's Petronas MRR2 Kepong DT,,"No. 1, Jalan Anggerik Vanilla 31/94, Seksyen 31, Kota Kemuning, 40706, Shah Alam, Selangor, Malaysia",
McDonald's,McDonald's Pengkalan DT,,"Lot G - 21,23,25 and 26 part, Complex Karamunsing, Jalan Karamunsing, 88000, Kota Kinabalu, Sabah, Malaysia",
McDonald's,McDonald's Kampar DT,,"Lot Nos. 5730, 5731 & 5732, Jalan Jelawat, Mukim 1, Pusat Bandar Seberang Jaya, 13700, Prai, Pulau Pinang, Malaysia",
McDonald's,McDonald's Sibu,,"1/116B, Off Jalan Kuchai Lama, Kuchai Entrepreneurs Park, 58200, Kuala Lumpur, Malaysia",
McDonald's,McDonald's Dungun,,"Lot 18113, Jalan Cendikiawan, 55100, Mukim Petaling, Kuala Lumpur, Malaysia",
McDonald's,McDonald's Ulu Tiram DT,,"Lot 1, Persiaran Batu Nilam, Bandar Baru Bukit Tinggi, 41200, Klang, Selangor, Malaysia",
McDonald's,McDonald's Petronas Batu Ferringhi DT,,"Lot 36327, Jalan PJU 10/1, Damansara Damai, 47000, Sungai Buloh, Selangor, Malaysia",
McDonald's,McDonald's Mutiara Damansara DT,,"Petronas Petrol Station, Lot No.105615, Jalan Pesona, Taman Pelangi Indah, 81800, Johor Bahru, Johor, Malaysia",
McDonald's,McDonald's Parit Raja DT,,"Lot PT 678, Jalan Pusat Bandar, 48000, Rawang, Selangor, Malaysia",
McDonald's,McDonald's Lotus's Seremban 2,,"Petronas Petrol Station, Technology Park Malaysia, Seremban KL-Highway, 50700, Kuala Lumpur, Malaysia",
McDonald's,McDonald's Setia Tropika DT,,"1-1-01 & 1-1-02, Lot A3 - 4, Jalan Udini, 11700, Pulau Pinang, Malaysia",
McDonald's,McDonald's Batu Berendam DT,,"Lot No GZF-05 & GZF-06, Ground Floor, The Curve, Mutiara Damansara, 47800, Petaling Jaya, Selangor, Malaysia",
McDonald's,McDonald's Citta Mall,,"Lot No. 2, Persiaran Equine, Taman Equine, 43300, Seri Kembangan, Selangor, Malaysia",
McDonald's,McDonald's Simpang DT,,"Lot 517, 276 & 277, Batu 7, Lebuhraya Lingkaran Tengah 2, MRR2, 53300, Mukim Ulu Kelang, Selangor, Malaysia",
McDonald's,McDonald's Sandakan DT,,"Stesyen Minyak Shell, Lot No. PT 1021 & PT 1022, Jalan Aman, Persiaran Perdana, Desa Aman Puri, 52100, Kepong, Selangor, Malaysia",
McDonald's,McDonald's Jln Apas Tawau DT,,"No. 2, Jalan Jati, Taman Nusa Bestari Jaya, 81300, Johor Bahru, Johor, Malaysia",
McDonald's,McDonald's Shell Jalan Sulaman DT,,"Lot 1150, Jalan Kasturi 36/41, Indahpura, 81000, Kulai, Johor Bahru, Johor, Malaysia",
McDonald's,McDonald's Pontian DT,,"Lot G43, Ground Floor, Jusco Seremban 2, Shopping Centre, 112 Persiaran S2, Phase B1, Seremban 2, 70300, Seremban, Negeri Sembilan, Malaysia",
McDonald's,McDonald's Persiaran Raja Muda Musa DT,,"Lot PT 61054, Batu 11, Jalan Pontian, 81300, Skudai, Johor, Malaysia",
McDonald's,McDonald's Indera Mahkota DT,,"Lot 15385 Seksyen PJU 1A, KM 15.4 Arah Utara, Lebuh Baru Lembah Kelang, 40150, Petaling Jaya, Selangor, Malaysia",
McDonald's,McDonald's MITC Melaka DT,,"D/A Petronas Servis Stesen, Jalan Kolam Ayer Lama, Lot 36904 (PT 27423), Taman Dato' Ahmad Razali, 68000, Ampang, Selangor, Malaysia",
McDonald's,McDonald's Harbour Mall Sandakan,,"Lot A02, Dataran Pahlawan Melaka Megamall, Jalan Merdeka, 75000, Melaka, Malaysia",
McDonald's,McDonald's Pengkalan Chepa DT,,"Lot PT 135893, Jalan Roda Utama, 81300, Skudai, Johor Bahru, Johor, Malaysia",
McDonald's,McDonald's Kota Emerald DT,,"LG-73, Lower Ground Floor, Queensbay Mall, 100, Persiaran Bayan Indah, 11900, Pulau Pinang, Malaysia",
McDonald's,McDonald's Bertam DT,,"Lot PT 18150 & PT 18151, Jalan Suasana 2/2, Bandar Tun Hussein Onn, 43200, Cheras, Selangor, Malaysia",
McDonald's,McDonald's Temerloh DT,,"Lot G51, Ground Floor, Jusco Balakong Shopping Centre, 43200, Balakong, Selangor, Malaysia",
McDonald's,McDonald's Bintulu DT,,"Lot 114, Jalan Lumut, Setiawangsa, 32010, Sri Manjung, Perak, Malaysia",
McDonald's,McDonald's Kluang DT,,"PN684, Mukim Ulu Kinta, Jalan Gopeng, 31350, Ipoh, Perak, Malaysia",
McDonald's,McDonald's Meru Raya DT,,"No.2, Jalan 22/6, Seksyen 22, 40300, Shah Alam, Selangor, Malaysia",
McDonald's,McDonald's Petron Section 7,,"Lot 3644 HS (D) 70344 &, Lot PT 8081 HS (D) 107241, Taman Melati, Mukim Setapak, 53100, Kuala Lumpur, Malaysia",
McDonald's,McDonald's Alor Mengkudu DT,,"No. 2 Jalan Cemerlang 4, 42700 Banting, Selangor, Malaysia",
McDonald's,McDonald's Sri Manjung 2 DT,,"AEON Bukit Tinggi Shopping Centre, No. 1, Persiaran Batu Nilam 1/KS6, Bandar Bukit Tinggi 2, 41200, Klang, Selangor, Malaysia",
McDonald's,McDonald's Giant Jalan Kebun DT,,"Caltex Farlim Petrol station, Lot No.9435, Mukim 13, North East District, 11900, Pulau Pinang, Malaysia",
McDonald's,McDonald's Sri Serdang Prima,,"Plaza Melaka Sentral, Lot No. 59, Zone D, Ground Floor, 75000, Melaka, Malaysia",
McDonald's,McDonald's Tabuan Jaya DT,,"Concourse Floor, 1 Borneo Mall, Lot No. C215 - C218 & Part of D219, 88871, Kota Kinabalu, Sabah, Malaysia",
McDonald's,McDonald's Seremban DT,,"No. 4, Lot 33428, Jalan BRP 3/3, Bukit Rahman Putra, Seksyen U20, 40160, Shah Alam, Selangor, Malaysia",
McDonald's,"McDonald's MJC Batu Kawa DT, Kuching",,"Lot PT 7430, HSD 111856, KM5.5, Jalan Cheras, 56000, Cheras, Kuala Lumpur, Malaysia",
McDonald's,McDonald's BHP Taman Melawati DT,,"Lot No. L3 - L14, Public Concourse, Departure Level Terminal 1, Kota Kinabalu International Airport, 88100, Kota Kinabalu, Sabah, Malaysia",
McDonald's,McDonald's Main Place,,"Lot No. L1L04 - L1L06, Labuan Airport, Arrival Hall 1, Terminal Building, 80569, WP Labuan, Malaysia",
McDonald's,McDonald's Bandar Sri Pinang DT,,"Lot PTD 174172, Jalan Seri Alam, Bandar Seri Alam, 81750, Masai, Johor, Malaysia",
McDonald's,McDonald's Kangar DT,,"PTD 68518, Persiaran Bangi, 43650, Bandar Baru Bangi, Selangor, Malaysia",
McDonald's,McDonald's Sri Petaling,,"Lot PTD 48029, Taman Flora Utama, Jalan Tan Swee Hoe, 83000, Batu Pahat, Johor, Malaysia",
McDonald's,McDonald's Muar DT,,"Lot 5017 McDonald's, Jalan Changkat Jong, 36000, Teluk Intan, Perak, Malaysia",
McDonald's,McDonald's Bandar Sri Putra DT,,"Lot G-21 and G-22, Ground Floor, Taiping Sentral, No 36, Jalan Istana Larut, 34000, Taiping, Perak, Malaysia",
McDonald's,McDonald's Sabak Bernam DT,,"No.2, Jalan Klang Sentral/KU05, Bukit Raja, Meru, 41050, Klang, Selangor, Malaysia",
McDonald's,McDonald's Caltex Denai Alam DT,,"Lot PT 3906, Jalan Terminal KLIA (Outbound), 64000, Sepang, Selangor, Malaysia",
McDonald's,McDonald's Aman Central,,"Lot PT 52317, Prima Saujana, Mukim Kajang, 43000, Kajang, Selangor, Malaysia",
McDonald's,McDonald's Taman Ungku Tun Aminah DT,,"Sebahagian Lot PT 3368, Leboh Ayeh Keroh, Mukim Bukit Baru, 75450, Melaka, Malaysia",
McDonald's,McDonald's KL Sentral,,"FG-15 & FG-16, Ground Floor, Dataran Pahlawan Melaka Megamall, Jalan Merdeka, 75000, Melaka, Malaysia",
McDonald's,McDonald's Jalan Sultan Azlan Shah DT,,"Lot No. 29A & 30, Ground Floor, KB Mall, Jalan Hamzah, 15050, Kota Bharu, Kelantan, Malaysia",
McDonald's,McDonald's Api-Api (Kota Kinabalu),,"Lot No. 48733, Mukim Petaling LDP Puchong Gateway, 47100, Puchong, Selangor, Malaysia",
McDonald's,McDonald's SS15 Subang,,"PT 860, HS (D) 1217, Bandar Perda, Mukim 6, Daerah Seberang Prai Tengah, 14000, Pulau Pinang, Malaysia",
McDonald's,McDonald's Section 14,,"Lot PT 69990, HSD 124966, Jalan Bandar Mukim Plentong, Bandar Baru Pasir Gudang, 81700 Pasir Gudang, Johor, Malaysia",
McDonald's,McDonald's Kuala Terengganu DT,,"Block A, Lot 2 Aras 1, Aras 2 & Lot 1 Aras 1, Jalan Niaga 11, Mukim Kota Tinggi, Daerah Kota Tinggi, 81900, Kota Tinggi, Johor, Malaysia",
McDonald's,McDonald's Putrajaya Persint 2 DT,,"Lot 303521, Sunway City, Mukim Hulu Kinta, Daerah Kinta, 31150 Ulu Kinta, Ipoh, Perak, Malaysia",
McDonald's,McDonald's Cyberjaya DT,,"PT 1134, Persiaran Pusat Bandar, 71800 Nilai, Negeri Sembilan, Malaysia",
McDonald's,McDonald's Kuantan Riverfront DT,,"Lot 25747, Lebuh Raya Selayang, Kepong Lebuh Raya, Lingkaran Tengah 2 (MRR 2), 52100, Kepong, Kuala Lumpur, Malaysia",
McDonald's,McDonald's Suria KLCC,,"No. 57, Jalan Indah 15/2, Bukit Indah, 81200, Johor Bahru, Johor, Malaysia",
McDonald's,McDonald's Shell Putra Height DT,,"No. 686, Jalan Pasir Puteh, Pengkalan Pegoh, 31500, Ipoh, Perak, Malaysia",
McDonald's,McDonald's Paradigm Mall JB,,"Lot 10655, Jalan Utama, Bandar Puncak Alam, 45010, Kuala Selangor, Selangor, Malaysia",
McDonald's,McDonald's Setia Alam DT,,"Sebahagian Lot No. 126028, Jalan Batu Sinar, Taman Bandar Baru Kampar, 31900, Kampar, Perak, Malaysia",
McDonald's,McDonald's Bintang Plaza Miri,,"Lot LG221, Lower Ground Floor Promenade, 1 Utama Shopping Centre, Persiaran Bandar Utama, Bandar Utama, 47800, Petaling Jaya, Selangor, Malaysia",
McDonald's,McDonald's Ampangan DT,,"Shop Lot No. 2 (Ground & 1st Floor) and Shop Lot No. 4 (Ground Floor), Causeway Road, 96007, Sibu, Sarawak, Malaysia",
McDonald's,McDonald's Intermark Mall,,"Lot 5993, Block 11, K.B.L.D. Desa Indah 3, Jalan Tudan, Bandar Baru Permyjaya, 98000, Miri, Sarawak, Malaysia",
McDonald's,McDonald's Petronas Kota Damansara DT,,"Ground Floor & 1st Floor, Jalan Baru Pak Sabah, Mukim Kuala Dungun, 23000, Dungun, Terengganu, Malaysia",
McDonald's,McDonald's Canary Garden Klang DT,,"No. 28, Jalan KLC 1, Kulim Landmark Central, 09000 Kedah, Malaysia",
McDonald's,McDonald's Shell Port Dickson DT,,"Sebahagian Lot PTD 19827, Mukim Tebrau, Ulu Tiram, 81800, Johor Bahru, Johor, Malaysia",
McDonald's,McDonald's Shell Mahkota Cheras DT,,"Lot 133826, Lebuh Sanggul 1/KS7, Bandar Puteri, 41200, Klang, Selangor, Malaysia",
McDonald's,McDonald's Petron Bandar Saujana Putra DT,,"Lot 697 & Lot 764, Jalan Batu Ferringi, Seksyen 2, Bandar Baru Ferringi, Daerah Timur Laut, 11100, Pulau Pinang, Malaysia",
McDonald's,McDonald's Shaftsbury DT,,"Lot 640, Teluk Piah, Mukim Kuala Selangor, 45000, Kuala Selangor, Selangor, Malaysia",
McDonald's,McDonald's Shell SS6,,"Lot 69683, Jalan PJU 7/5, Mutiara Damansara, Mukim Sungai Buloh, Daerah Petaling, 45000, Selangor, Malaysia",
McDonald's,McDonald's Kuala Pilah DT,,"Lot 1809, Batu 22, Jalan Beranang, Mukim Semenyih, Daerah Hulu Langat, 43500, Selangor",
McDonald's,McDonald's Pearl Point DT,,"Lot 20398 HS (D) 59406, MK Sri Gading, 83300, Batu Pahat, Johor, Malaysia",
McDonald's,McDonald's Educity JB DT,,"Lot G10, 11, 12, 13 & 14, Tesco Tanjung Pinang, No 1, Jalan Seri Tanjung Pinang, 10470, Tanjung Tokong, Pulau Pinang, Malaysia",
McDonald's,McDonald's Bagan Ajam DT,,"No 1, Jalan Haruan 2, 70300, Seremban, Negeri Sembilan, Malaysia",
McDonald's,McDonald's Semporna DT,,"Lot 110034, Jalan Austin Heights 3, Taman Mount Austin, Mukim Tebrau, 81100, Johor Bahru, Johor, Malaysia",
McDonald's,McDonald's PSS Bukit Katil DT,,"Lot 141190, Jalan Setia Tropika 1/21, Taman Setia Tropika, Mukim Tebrau, 81100, Johor Bahru, Johor, Malaysia",
McDonald's,McDonald's BHP Jalan Kepong,,"No. 75, Jalan Inang 3, Taman Paya Rumput Utama, 76450, Bandar Cheng, Melaka, Malaysia",
McDonald's,McDonald's Petronas Taman Dagang Drive-Thru,,"Lot PT 13668, Mukim Batu Berendam, Melaka Tengah, 75350, Hang Tuah Jaya, Melaka, Malaysia",
McDonald's,McDonald's Shell Jalan Sentul DT,,"Pintasan Dengkil By Pass (B29), 43900, Sepang, Selangor, Malaysia",
McDonald's,McDonald's Bahau DT,,"G-43, Citta Mall, No 1, Jalan PJU 1A/48, PJU 1A, Ara Damansara, 47301, Petaling Jaya, Selangor, Malaysia",
McDonald's,McDonald's Tampin DT,,"Lot 1050(A), Jalan Bulan Sabit, Block 7, MCLD, 98000, Miri, Sarawak, Malaysia",
McDonald's,McDonald's Eco Majestic DT,,"No. 97 Jalan Besar, Jalan Simpang, 34000, Taiping, Perak, Malaysia",
McDonald's,McDonald's PKNS PJ DT,,"Mukim Hulu Kinta, Daerah Kinta, Jalan Kuala Kangsar, 31400, Ipoh, Perak, Malaysia",
McDonald's,McDonald's Sentul UOA DT,,"Sebahagian CL 075477584, Batu 6, Jalan Utara, 90000, Sandakan, Sabah, Malaysia",
McDonald's,McDonald's Seri Austin DT,,"No. 27, Jalan Persiaran, PD Waterfront, 71010, Port Dickson, Negeri Sembilan, Malaysia",
McDonald's,McDonald's PSS Jalan REKO DT,,"CL. 105509868 At Mile 4, Jalan Apas, 91000, Tawau, Sabah, Malaysia",
McDonald's,McDonald's Kota Star DT,,"Lot 1, Level1, BUSANA, Menara MARA, No. 232, Jalan Tuanku Abdul Rahman, 50100, Kuala Lumpur , Malaysia",
McDonald's,McDonald's PSS Bukit Beruntung DT,,"Off Jalan Sulaman Highway, 88000, Kota Kinabalu, Sabah, Malaysia",
McDonald's,McDonald's Kubang Kerian DT,,"Unit No. LG-40, Setia City Mall, No. 7, Persiaran Setia Dagang, Bandar Setia Alam, Seksyen U13, 40170, Shah Alam, Selangor, Malaysia",
McDonald's,McDonald's Shell Lukut DT,,"Lot 13182, Jalan Delima, Mukim Bandar Pontian Kecil, 82000, Pontian, Johor, Malaysia",
McDonald's,McDonald's Shell Dengkil Bypass DT,,"PT238632, Persiaran Klebang Putra, Taman Klebang Putra, 31200 Chemor, Perak, Malaysia",
McDonald's,McDonald's Shell Bandar Botanik DT,,"Lot PT 3358, Seksyen 31, Persiaran Raja Muda Musa (KS05), Bandar Klang, Daerah Klang, 41200, Klang, Selangor, Malaysia",
McDonald's,McDonald's Bandar Bukit Puchong DT,,"Pantai Cenang, 07000, Langkawi, Kedah, Malaysia",
McDonald's,McDonald's Langkawi Kuah DT,,"Lot PT 96403, Bandar Indera Mahkota, Mukim Kuala Kuantan, 25200, Kuantan, Pahang, Malaysia",
McDonald's,McDonald's ICONIC Simpang Ampat DT,,"Plot 531, Bandar Seri Iskandar, Mukim Bota, 32600, Perak Tengah, Perak, Malaysia",
McDonald's,McDonald's Penang International Airport,,"Lot 15702, Mukim Bukit Katil, Daerah Melaka Tengah, Hang Tuah Jaya, 75450, Melaka, Malaysia",
McDonald's,McDonald's Labuan,,"Lot 3410 (PT 1238), Jalan Sultan Mansor, Daerah Larut Dan Matang, 34000, Taiping, Perak, Malaysia",
McDonald's,McDonald's Jalan Tun Razak DT,,"Lot G09, G10 & G12A, Harbour Mall Sandakan, Sandakan Harbour Square, 90000, Sandakan, Sabah, Malaysia",
McDonald's,McDonald's Shell Seremban Jaya DT,,"Sebahagian Lot PT 22062, Jalan Kolam Air, Bandar Johor Bahru, 80100, Johor Bahru, Johor, Malaysia",
McDonald's,McDonald's Petronas Tanah Merah DT,,"Jalan Bendahara 1/36, Taman Bendahara, Pengkalan Chepa, 16100, Kota Baru, Kelantan, Malaysia",
McDonald's,McDonald's Petron North Kiara DT,,"Sebahagian Tanah Taman Tasik Sultan Abu Bakar, 26600, Pekan Bandar DiRaja, Pekan, Pahang, Malaysia",
McDonald's,McDonald's Pantai Sentral Park DT,,"Sebahagian Lot 1246, Mukim Rawang, Daerah Gombak, 48000, Rawang, Selangor, Malaysia",
McDonald's,McDonald's R&R Seremban SF,,"Sebahagian Lot 17493, Jalan Rozhan, Pusat Perniagaan Seri Impian, 14000, Bukit Mertajam, Pulau Pinang, Malaysia",
McDonald's,McDOnald's R&R Tapah SF,,"Sebahagian Lot 20016, Mukim 06, Seberang Perai Utara, 13200, Pulau Pinang, Malaysia",
McDonald's,McDonald's BHP Subang Airport DT,,"Sebahagian PT 25213, Mukim Triang, Daerah Bera, 28300, Temerloh, Pahang, Malaysia",
McDonald's,McDonald's Gua Musang DT,,"Sebahagian Lot 1304 Sek. 05 (GM 7677), Mukim Perak, 28000, Temerloh, Pahang, Malaysia",
McDonald's,McDonald's Lagenda Putra Kulai DT,,"No. 2, 2A & B, Jalan Tun Mohd Fuad 2, Taman Tun Dr Ismail, 60000, Kuala Lumpur, Malaysia",
McDonald's,McDonald's Shell USJ Hicom DT,,"Lots 119 & 120, Block 32, Kemena Land District, Jalan Tun Hussein Onn, 97000, Bintulu, Sarawak, Malaysia",
McDonald's,McDonald's Batu Buruk DT,,"Lot Nos. G-12, G-13, Part Of L1-15 and Alfresco Area, Plaza Merdeka, No 88, Pearl Street, 93000, Kuching, Sarawak, Malaysia",
McDonald's,McDonald's Tangkak DT,,"265 & 343, GM. 3095 Dan GM. 3096, Jalan Kluang - Air Hitam, 86000, Kluang, Johor, Malaysia",
McDonald's,McDonald's 1 Shamelin DT,,"Sebahagian Lot 2144714, Lot 2 (PTD 176566), Taman Mutiara Rini, Mukim Pulai, 86000 Johor Bahru, Johor, Malaysia",
McDonald's,McDonald's Jitra DT,,"Lot 82, Jalan Meru Bestari A2, Diatas Sebahagian Zon 5, Bandar Meru Raya, Mukim Hulu Kinta, 30020, Kinta, Perak, Malaysia",
McDonald's,McDonald's Giant Ulu Kelang,,"Sebahagian Lot 33369, Mukim Ampangan Seremban, 70450, Seremban, Negeri Sembilan, Malaysia",
McDonald's,McDonald's Kota Seriemas DT,,"No. 5, Persiaran Kayangan Seksyen 7 (Fasa 3C), 40000, Shah Alam, Selangor, Malaysia",
McDonald's,McDonald's KKIA Airside,,"Lot 180 & 181, Ground & 1st Floor, Bangunan Haji Abdul Rasit, Jalan Satok, 93400, Kuching, Sarawak, Malaysia",
McDonald's,McDonald's Mergong DT,,"No 8-A, Jalan Alor Mengkudu, 05400, Alor Setar, Kedah, Malaysia",
McDonald's,McDonald's Komtar JBCC,,"Lot 52613, Taman Samudera, 53000, Batu Caves, Selangor, Malaysia",
McDonald's,McDonald's Bandar Rimbayu DT,,"Sebahagian Lot 13108, Mukim Lumut, Daerah Manjung, 32010, Sri Manjung, Perak, Malaysia",
McDonald's,McDonald's RTC Gopeng DT,,"Lot No. 9154 GM4340, Jalan Tengku Ampuan Intan Zaharah, Mukim Kuala Nerus, 21300, Kuala Terengganu, Terengganu, Malaysia",
McDonald's,McDonald's KLIA Anjung,,"PT 128899, Batu 3 1/2, Jalan Kebun, Taman Maznah, 41000, Bandar Klang, Daerah Klang, Selangor, Malaysia",
McDonald's,McDonald's KLIA 2 Satellite,,"Lot PTD 110501, Jalan Nipah 2, Taman Daya, 81100, Mukim Tebrau, Johor Bahru, Johor, Malaysia",
McDonald's,McDonald's Bandar Sri Sendayan DT,,"No. 20-1, 20-2 & 20-3, Jalan 18/33A, Taman Sri Serdang, 43300, Seri Kembangan, Selangor, Malaysia",
McDonald's,McDonald's Shell Taman Desa DT,,"Lot 282, Mukim Mahang West, Daerah Ketereh, Jajahan Kota Bahru, 16450, Kelantan, Malaysia",
McDonald's,McDonald's Bandar Baru Uda DT,,"Lot 16843 (Lots 4581, 9210 and 9212), Block 11, MTLD Jalan Canna, 93150, Kuching, Sarawak, Malaysia",
McDonald's,McDonald's Terminal Larkin,,"No. G-6, No. 1-6 & No. 2-6, Jalan Puteri 7/13A, Bandar Puteri, 47100, Puchong, Selangor, Malaysia",
McDonald's,McDonald's Caltex Sungai Dua SB DT,,"Lot 24158 (PT2) & Lot 24159 (PT3), Pekan Bukit Kepayang, Mukim Rasah, 70200, Seremban, Negeri Sembilan, Malaysia",
McDonald's,McDonald's Senai Airport DT,,"Lot 15495, Mukim Pedah, Daerah Jerantut, 27000, Jerantut, Pahang, Malaysia",
McDonald's,McDonald's PSS Tuaran Town DT,,"Lot 3421 (Parent Lot 2433), Block 217 KNLD, Batu Kawa New Township, 93250, Kuching, Sarawak, Malaysia",
McDonald's,McDonald's Nusa Sentral DT,,"Lot PT188, Pekan Klebang Sek. IV, Daerah Melaka Tengah, Bandaraya Melaka, 75200, Melaka, Malaysia",
